Idx_Sample;Mixture Code in Ref;FA (kg/m3);GGBFS (kg/m3);Total powder (kg/m3);Coarse aggregate (kg/m3);Fine aggregate (kg/m3);Total aggregates (kg);NaOH (kg);water-eff (kg);Weight mixture (kg);Initial curing temp (C);CO2 emissions (kg/m3) - a-priori;f,c(28d) (MPa) - MD1 Target
1399;FA-70 GGBS- 30 B-360 AGG/B-5.18 ALK/B-0.45 T ºC - 25;252;108;360;1090,8;774;1864,8;46,28571429;107,8071429;2409,838571;25;129,6913657;
1400;FA-70 GGBS- 30 B-360 AGG/B-5.18 ALK/B-0.50 T ºC - 25;252;108;360;1090,8;774;1864,8;51,42857143;118,8257143;2427,842857;25;139,3683886;36,1631
1401;FA-70 GGBS- 30 B-360 AGG/B-5.18 ALK/B-0.55 T ºC - 25;252;108;360;1090,8;774;1864,8;56,57142857;129,8442857;2445,837143;25;149,0331914;
1402;FA-70 GGBS- 30 B-360 AGG/B-5.18 ALK/B-0.60 T ºC - 25;252;108;360;1090,8;774;1864,8;61,71428571;140,8628571;2463,841429;25;158,7102143;
1403;FA-70 GGBS- 30 B-420 AGG/B-4.23 ALK/B-0.45 T ºC - 25;294;126;420;966;810,6;1776,6;54;125,775;2412,485;25;149,39954;
1404;FA-70 GGBS- 30 B-420 AGG/B-4.23 ALK/B-0.50 T ºC - 25;294;126;420;966;810,6;1776,6;60;138,63;2433,48;25;160,67718;
1405;FA-70 GGBS- 30 B-420 AGG/B-4.23 ALK/B-0.55 T ºC - 25;294;126;420;966;810,6;1776,6;66;151,485;2454,485;25;171,96704;
1406;FA-70 GGBS- 30 B-420 AGG/B-4.23 ALK/B-0.60 T ºC - 25;294;126;420;966;810,6;1776,6;72;164,34;2475,48;25;183,24468;
1407;FA-70 GGBS- 30 B-450 AGG/B-3.85 ALK/B-0.45 T ºC - 25;315;135;450;972;760,5;1732,5;57,85714286;134,7589286;2413,793214;25;159,2352971;33,8562
1408;FA-70 GGBS- 30 B-450 AGG/B-3.85 ALK/B-0.50 T ºC - 25;315;135;450;972;760,5;1732,5;64,28571429;148,5321429;2436,293571;25;171,3254657;
1409;FA-70 GGBS- 30 B-450 AGG/B-3.85 ALK/B-0.55 T ºC - 25;315;135;450;972;760,5;1732,5;70,71428571;162,3053571;2458,803929;25;183,4278543;
1410;FA-70 GGBS- 30 B-450 AGG/B-3.85 ALK/B-0.60 T ºC - 25;315;135;450;972;760,5;1732,5;77,14285714;176,0785714;2481,304286;25;195,5180229;
1411;FA-60 GGBS- 40 B-360 AGG/B-5.18 ALK/B-0.45 T ºC - 25;216;144;360;1090,8;774;1864,8;46,28571429;107,8071429;2409,838571;25;131,4193657;
1412;FA-60 GGBS- 40 B-360 AGG/B-5.18 ALK/B-0.50 T ºC - 25;216;144;360;1090,8;774;1864,8;51,42857143;118,8257143;2427,842857;25;141,0963886;
1413;FA-60 GGBS- 40 B-360 AGG/B-5.18 ALK/B-0.55 T ºC - 25;216;144;360;1090,8;774;1864,8;56,57142857;129,8442857;2445,837143;25;150,7611914;
1414;FA-60 GGBS- 40 B-360 AGG/B-5.18 ALK/B-0.60 T ºC - 25;216;144;360;1090,8;774;1864,8;61,71428571;140,8628571;2463,841429;25;160,4382143;
1415;FA-60 GGBS- 40 B-420 AGG/B-4.23 ALK/B-0.45 T ºC - 25;252;168;420;966;810,6;1776,6;54;125,775;2412,485;25;151,41554;
1416;FA-60 GGBS- 40 B-420 AGG/B-4.23 ALK/B-0.50 T ºC - 25;252;168;420;966;810,6;1776,6;60;138,63;2433,48;25;162,69318;
1417;FA-60 GGBS- 40 B-420 AGG/B-4.23 ALK/B-0.55 T ºC - 25;252;168;420;966;810,6;1776,6;66;151,485;2454,485;25;173,98304;
1418;FA-60 GGBS- 40 B-420 AGG/B-4.23 ALK/B-0.60 T ºC - 25;252;168;420;966;810,6;1776,6;72;164,34;2475,48;25;185,26068;
1419;FA-60 GGBS- 40 B-450 AGG/B-3.85 ALK/B-0.45 T ºC - 25;270;180;450;972;760,5;1732,5;57,85714286;134,7589286;2413,793214;25;161,3952971;
1420;FA-60 GGBS- 40 B-450 AGG/B-3.85 ALK/B-0.50 T ºC - 25;270;180;450;972;760,5;1732,5;64,28571429;148,5321429;2436,293571;25;173,4854657;
1421;FA-60 GGBS- 40 B-450 AGG/B-3.85 ALK/B-0.55 T ºC - 25;270;180;450;972;760,5;1732,5;70,71428571;162,3053571;2458,803929;25;185,5878543;
1422;FA-60 GGBS- 40 B-450 AGG/B-3.85 ALK/B-0.60 T ºC - 25;270;180;450;972;760,5;1732,5;77,14285714;176,0785714;2481,304286;25;197,6780229;
1423;FA-50 GGBS- 50 B-360 AGG/B-5.18 ALK/B-0.45 T ºC - 25;180;180;360;1090,8;774;1864,8;46,28571429;107,8071429;2409,838571;25;133,1473657;
1424;FA-50 GGBS- 50 B-360 AGG/B-5.18 ALK/B-0.50 T ºC - 25;180;180;360;1090,8;774;1864,8;51,42857143;118,8257143;2427,842857;25;142,8243886;
1425;FA-50 GGBS- 50 B-360 AGG/B-5.18 ALK/B-0.55 T ºC - 25;180;180;360;1090,8;774;1864,8;56,57142857;129,8442857;2445,837143;25;152,4891914;
1426;FA-50 GGBS- 50 B-360 AGG/B-5.18 ALK/B-0.60 T ºC - 25;180;180;360;1090,8;774;1864,8;61,71428571;140,8628571;2463,841429;25;162,1662143;
1427;FA-50 GGBS- 50 B-420 AGG/B-4.23 ALK/B-0.45 T ºC - 25;210;210;420;966;810,6;1776,6;54;125,775;2412,485;25;153,43154;
1428;FA-50 GGBS- 50 B-420 AGG/B-4.23 ALK/B-0.50 T ºC - 25;210;210;420;966;810,6;1776,6;60;138,63;2433,48;25;164,70918;
1429;FA-50 GGBS- 50 B-420 AGG/B-4.23 ALK/B-0.55 T ºC - 25;210;210;420;966;810,6;1776,6;66;151,485;2454,485;25;175,99904;
1430;FA-50 GGBS- 50 B-420 AGG/B-4.23 ALK/B-0.60 T ºC - 25;210;210;420;966;810,6;1776,6;72;164,34;2475,48;25;187,27668;
1431;FA-50 GGBS- 50 B-450 AGG/B-3.85 ALK/B-0.45 T ºC - 25;225;225;450;972;760,5;1732,5;57,85714286;134,7589286;2413,793214;25;163,5552971;
1432;FA-50 GGBS- 50 B-450 AGG/B-3.85 ALK/B-0.50 T ºC - 25;225;225;450;972;760,5;1732,5;64,28571429;148,5321429;2436,293571;25;175,6454657;
1433;FA-50 GGBS- 50 B-450 AGG/B-3.85 ALK/B-0.55 T ºC - 25;225;225;450;972;760,5;1732,5;70,71428571;162,3053571;2458,803929;25;187,7478543;
1434;FA-50 GGBS- 50 B-450 AGG/B-3.85 ALK/B-0.60 T ºC - 25;225;225;450;972;760,5;1732,5;77,14285714;176,0785714;2481,304286;25;199,8380229;47,5817
1435;FA-70 GGBS- 30 B-360 AGG/B-5.18 ALK/B-0.45 T ºC - 60;252;108;360;1090,8;774;1864,8;46,28571429;107,8071429;2409,838571;60;152,149699;
1436;FA-70 GGBS- 30 B-360 AGG/B-5.18 ALK/B-0.50 T ºC - 60;252;108;360;1090,8;774;1864,8;51,42857143;118,8257143;2427,842857;60;161,8267219;
1437;FA-70 GGBS- 30 B-360 AGG/B-5.18 ALK/B-0.55 T ºC - 60;252;108;360;1090,8;774;1864,8;56,57142857;129,8442857;2445,837143;60;171,4915248;
1438;FA-70 GGBS- 30 B-360 AGG/B-5.18 ALK/B-0.60 T ºC - 60;252;108;360;1090,8;774;1864,8;61,71428571;140,8628571;2463,841429;60;181,1685476;
1439;FA-70 GGBS- 30 B-420 AGG/B-4.23 ALK/B-0.45 T ºC - 60;294;126;420;966;810,6;1776,6;54;125,775;2412,485;60;171,8578733;
1440;FA-70 GGBS- 30 B-420 AGG/B-4.23 ALK/B-0.50 T ºC - 60;294;126;420;966;810,6;1776,6;60;138,63;2433,48;60;183,1355133;
1441;FA-70 GGBS- 30 B-420 AGG/B-4.23 ALK/B-0.55 T ºC - 60;294;126;420;966;810,6;1776,6;66;151,485;2454,485;60;194,4253733;
1442;FA-70 GGBS- 30 B-420 AGG/B-4.23 ALK/B-0.60 T ºC - 60;294;126;420;966;810,6;1776,6;72;164,34;2475,48;60;205,7030133;
1443;FA-70 GGBS- 30 B-450 AGG/B-3.85 ALK/B-0.45 T ºC - 60;315;135;450;972;760,5;1732,5;57,85714286;134,7589286;2413,793214;60;181,6936305;38,6601
1444;FA-70 GGBS- 30 B-450 AGG/B-3.85 ALK/B-0.50 T ºC - 60;315;135;450;972;760,5;1732,5;64,28571429;148,5321429;2436,293571;60;193,783799;
1445;FA-70 GGBS- 30 B-450 AGG/B-3.85 ALK/B-0.55 T ºC - 60;315;135;450;972;760,5;1732,5;70,71428571;162,3053571;2458,803929;60;205,8861876;
1446;FA-70 GGBS- 30 B-450 AGG/B-3.85 ALK/B-0.60 T ºC - 60;315;135;450;972;760,5;1732,5;77,14285714;176,0785714;2481,304286;60;217,9763562;
1447;FA-60 GGBS- 40 B-360 AGG/B-5.18 ALK/B-0.45 T ºC - 60;216;144;360;1090,8;774;1864,8;46,28571429;107,8071429;2409,838571;60;153,877699;
1448;FA-60 GGBS- 40 B-360 AGG/B-5.18 ALK/B-0.50 T ºC - 60;216;144;360;1090,8;774;1864,8;51,42857143;118,8257143;2427,842857;60;163,5547219;
1449;FA-60 GGBS- 40 B-360 AGG/B-5.18 ALK/B-0.55 T ºC - 60;216;144;360;1090,8;774;1864,8;56,57142857;129,8442857;2445,837143;60;173,2195248;
1450;FA-60 GGBS- 40 B-360 AGG/B-5.18 ALK/B-0.60 T ºC - 60;216;144;360;1090,8;774;1864,8;61,71428571;140,8628571;2463,841429;60;182,8965476;
1451;FA-60 GGBS- 40 B-420 AGG/B-4.23 ALK/B-0.45 T ºC - 60;252;168;420;966;810,6;1776,6;54;125,775;2412,485;60;173,8738733;
1452;FA-60 GGBS- 40 B-420 AGG/B-4.23 ALK/B-0.50 T ºC - 60;252;168;420;966;810,6;1776,6;60;138,63;2433,48;60;185,1515133;
1453;FA-60 GGBS- 40 B-420 AGG/B-4.23 ALK/B-0.55 T ºC - 60;252;168;420;966;810,6;1776,6;66;151,485;2454,485;60;196,4413733;
1454;FA-60 GGBS- 40 B-420 AGG/B-4.23 ALK/B-0.60 T ºC - 60;252;168;420;966;810,6;1776,6;72;164,34;2475,48;60;207,7190133;
1455;FA-60 GGBS- 40 B-450 AGG/B-3.85 ALK/B-0.45 T ºC - 60;270;180;450;972;760,5;1732,5;57,85714286;134,7589286;2413,793214;60;183,8536305;
1456;FA-60 GGBS- 40 B-450 AGG/B-3.85 ALK/B-0.50 T ºC - 60;270;180;450;972;760,5;1732,5;64,28571429;148,5321429;2436,293571;60;195,943799;
1457;FA-60 GGBS- 40 B-450 AGG/B-3.85 ALK/B-0.55 T ºC - 60;270;180;450;972;760,5;1732,5;70,71428571;162,3053571;2458,803929;60;208,0461876;
1458;FA-60 GGBS- 40 B-450 AGG/B-3.85 ALK/B-0.60 T ºC - 60;270;180;450;972;760,5;1732,5;77,14285714;176,0785714;2481,304286;60;220,1363562;49,8693
1459;FA-50 GGBS- 50 B-360 AGG/B-5.18 ALK/B-0.45 T ºC - 60;180;180;360;1090,8;774;1864,8;46,28571429;107,8071429;2409,838571;60;155,605699;
1460;FA-50 GGBS- 50 B-360 AGG/B-5.18 ALK/B-0.50 T ºC - 60;180;180;360;1090,8;774;1864,8;51,42857143;118,8257143;2427,842857;60;165,2827219;
1461;FA-50 GGBS- 50 B-360 AGG/B-5.18 ALK/B-0.55 T ºC - 60;180;180;360;1090,8;774;1864,8;56,57142857;129,8442857;2445,837143;60;174,9475248;
1462;FA-50 GGBS- 50 B-360 AGG/B-5.18 ALK/B-0.60 T ºC - 60;180;180;360;1090,8;774;1864,8;61,71428571;140,8628571;2463,841429;60;184,6245476;
1463;FA-50 GGBS- 50 B-420 AGG/B-4.23 ALK/B-0.45 T ºC - 60;210;210;420;966;810,6;1776,6;54;125,775;2412,485;60;175,8898733;
1464;FA-50 GGBS- 50 B-420 AGG/B-4.23 ALK/B-0.50 T ºC - 60;210;210;420;966;810,6;1776,6;60;138,63;2433,48;60;187,1675133;
1465;FA-50 GGBS- 50 B-420 AGG/B-4.23 ALK/B-0.55 T ºC - 60;210;210;420;966;810,6;1776,6;66;151,485;2454,485;60;198,4573733;
1466;FA-50 GGBS- 50 B-420 AGG/B-4.23 ALK/B-0.60 T ºC - 60;210;210;420;966;810,6;1776,6;72;164,34;2475,48;60;209,7350133;
1467;FA-50 GGBS- 50 B-450 AGG/B-3.85 ALK/B-0.45 T ºC - 60;225;225;450;972;760,5;1732,5;57,85714286;134,7589286;2413,793214;60;186,0136305;
1468;FA-50 GGBS- 50 B-450 AGG/B-3.85 ALK/B-0.50 T ºC - 60;225;225;450;972;760,5;1732,5;64,28571429;148,5321429;2436,293571;60;198,103799;
1469;FA-50 GGBS- 50 B-450 AGG/B-3.85 ALK/B-0.55 T ºC - 60;225;225;450;972;760,5;1732,5;70,71428571;162,3053571;2458,803929;60;210,2061876;
1470;FA-50 GGBS- 50 B-450 AGG/B-3.85 ALK/B-0.60 T ºC - 60;225;225;450;972;760,5;1732,5;77,14285714;176,0785714;2481,304286;60;222,2963562;
1471;FA-70 GGBS- 30 B-360 AGG/B-5.18 ALK/B-0.45 T ºC - 25;252;108;360;1090,844597;773,9554032;1864,8;46,28571429;107,8071429;2409,838571;25;129,6913657;
1472;FA-70 GGBS- 30 B-370 AGG/B-5.02 ALK/B-0.45 T ºC - 25;259;111;370;1081,558448;775,8415522;1857,4;47,57142857;110,8017857;2417,584643;25;133,0172114;
1473;FA-70 GGBS- 30 B-380 AGG/B-4.86 ALK/B-0.45 T ºC - 25;266;114;380;1070,455144;776,3448564;1846,8;48,85714286;113,7964286;2422,120714;25;136,3154771;
1474;FA-70 GGBS- 30 B-390 AGG/B-4.70 ALK/B-0.45 T ºC - 25;273;117;390;1057,564014;775,435986;1833;50,14285714;116,7910714;2423,466786;25;139,6106029;
1475;FA-70 GGBS- 30 B-400 AGG/B-4.54 ALK/B-0.45 T ºC - 25;280;120;400;1043,045024;772,954976;1816;51,42857143;119,7857143;2421,602857;25;142,8781486;
1476;FA-70 GGBS- 30 B-410 AGG/B-4.38 ALK/B-0.45 T ºC - 25;287;123;410;1026,649881;769,150119;1795,8;52,71428571;122,7803571;2416,548929;25;146,1425543;
1477;FA-70 GGBS- 30 B-420 AGG/B-4.23 ALK/B-0.45 T ºC - 25;294;126;420;1010,929815;765,670185;1776,6;54;125,775;2412,485;25;149,39954;
1478;FA-70 GGBS- 30 B-430 AGG/B-4.10 ALK/B-0.45 T ºC - 25;301;129;430;967,961046;795,038954;1763;55,28571429;128,7696429;2414,011071;25;152,6711857;
1479;FA-70 GGBS- 30 B-440 AGG/B-3.97 ALK/B-0.45 T ºC - 25;308;132;440;969,4600256;777,3399744;1746,8;56,57142857;131,7642857;2412,957143;25;155,9547914;
1480;FA-70 GGBS- 30 B-450 AGG/B-3.85 ALK/B-0.45 T ºC - 25;315;135;450;971,9619525;760,5380475;1732,5;57,85714286;134,7589286;2413,793214;25;159,2352971;
1481;FA-60 GGBS- 40 B-360 AGG/B-5.18 ALK/B-0.45 T ºC - 25;216;144;360;1090,844597;773,9554032;1864,8;46,28571429;107,8071429;2409,838571;25;131,4193657;
1482;FA-60 GGBS- 40 B-370 AGG/B-5.02 ALK/B-0.45 T ºC - 25;222;148;370;1081,558448;775,8415522;1857,4;47,57142857;110,8017857;2417,584643;25;134,7932114;
1483;FA-60 GGBS- 40 B-380 AGG/B-4.86 ALK/B-0.45 T ºC - 25;228;152;380;1070,455144;776,3448564;1846,8;48,85714286;113,7964286;2422,120714;25;138,1394771;
1484;FA-60 GGBS- 40 B-390 AGG/B-4.70 ALK/B-0.45 T ºC - 25;234;156;390;1057,564014;775,435986;1833;50,14285714;116,7910714;2423,466786;25;141,4826029;
1485;FA-60 GGBS- 40 B-400 AGG/B-4.54 ALK/B-0.45 T ºC - 25;240;160;400;1043,045024;772,954976;1816;51,42857143;119,7857143;2421,602857;25;144,7981486;
1486;FA-60 GGBS- 40 B-410 AGG/B-4.38 ALK/B-0.45 T ºC - 25;246;164;410;1026,649881;769,150119;1795,8;52,71428571;122,7803571;2416,548929;25;148,1105543;
1487;FA-60 GGBS- 40 B-420 AGG/B-4.23 ALK/B-0.45 T ºC - 25;252;168;420;1010,929815;765,670185;1776,6;54;125,775;2412,485;25;151,41554;
1488;FA-60 GGBS- 40 B-430 AGG/B-4.10 ALK/B-0.45 T ºC - 25;258;172;430;967,961046;795,038954;1763;55,28571429;128,7696429;2414,011071;25;154,7351857;
1489;FA-60 GGBS- 40 B-440 AGG/B-3.97 ALK/B-0.45 T ºC - 25;264;176;440;969,4600256;777,3399744;1746,8;56,57142857;131,7642857;2412,957143;25;158,0667914;45,96
1490;FA-60 GGBS- 40 B-450 AGG/B-3.85 ALK/B-0.45 T ºC - 25;270;180;450;971,9619525;760,5380475;1732,5;57,85714286;134,7589286;2413,793214;25;161,3952971;
1491;FA-50 GGBS- 50 B-360 AGG/B-5.18 ALK/B-0.45 T ºC - 25;180;180;360;1090,844597;773,9554032;1864,8;46,28571429;107,8071429;2409,838571;25;133,1473657;
1492;FA-50 GGBS- 50 B-370 AGG/B-5.02 ALK/B-0.45 T ºC - 25;185;185;370;1081,558448;775,8415522;1857,4;47,57142857;110,8017857;2417,584643;25;136,5692114;
1493;FA-50 GGBS- 50 B-380 AGG/B-4.86 ALK/B-0.45 T ºC - 25;190;190;380;1070,455144;776,3448564;1846,8;48,85714286;113,7964286;2422,120714;25;139,9634771;
1494;FA-50 GGBS- 50 B-390 AGG/B-4.70 ALK/B-0.45 T ºC - 25;195;195;390;1057,564014;775,435986;1833;50,14285714;116,7910714;2423,466786;25;143,3546029;
1495;FA-50 GGBS- 50 B-400 AGG/B-4.54 ALK/B-0.45 T ºC - 25;200;200;400;1043,045024;772,954976;1816;51,42857143;119,7857143;2421,602857;25;146,7181486;
1496;FA-50 GGBS- 50 B-410 AGG/B-4.38 ALK/B-0.45 T ºC - 25;205;205;410;1026,649881;769,150119;1795,8;52,71428571;122,7803571;2416,548929;25;150,0785543;
1497;FA-50 GGBS- 50 B-420 AGG/B-4.23 ALK/B-0.45 T ºC - 25;210;210;420;1010,929815;765,670185;1776,6;54;125,775;2412,485;25;153,43154;
1498;FA-50 GGBS- 50 B-430 AGG/B-4.10 ALK/B-0.45 T ºC - 25;215;215;430;967,961046;795,038954;1763;55,28571429;128,7696429;2414,011071;25;156,7991857;
1499;FA-50 GGBS- 50 B-440 AGG/B-3.97 ALK/B-0.45 T ºC - 25;220;220;440;969,4600256;777,3399744;1746,8;56,57142857;131,7642857;2412,957143;25;160,1787914;
1500;FA-50 GGBS- 50 B-450 AGG/B-3.85 ALK/B-0.45 T ºC - 25;225;225;450;971,9619525;760,5380475;1732,5;57,85714286;134,7589286;2413,793214;25;163,5552971;
1501;FA-70 GGBS- 30 B-360 AGG/B-5.18 ALK/B-0.50 T ºC - 25;252;108;360;1090,844597;773,9554032;1864,8;51,42857143;118,8257143;2427,842857;25;139,3683886;
1502;FA-70 GGBS- 30 B-370 AGG/B-5.02 ALK/B-0.50 T ºC - 25;259;111;370;1081,558448;775,8415522;1857,4;52,85714286;122,1264286;2436,080714;25;142,9528571;
1503;FA-70 GGBS- 30 B-380 AGG/B-4.86 ALK/B-0.50 T ºC - 25;266;114;380;1070,455144;776,3448564;1846,8;54,28571429;125,4271429;2441,118571;25;146,5219657;36,85
1504;FA-70 GGBS- 30 B-390 AGG/B-4.70 ALK/B-0.50 T ºC - 25;273;117;390;1057,564014;775,435986;1833;55,71428571;128,7278571;2442,966429;25;150,0879343;
1505;FA-70 GGBS- 30 B-400 AGG/B-4.54 ALK/B-0.50 T ºC - 25;280;120;400;1043,045024;772,954976;1816;57,14285714;132,0285714;2441,604286;25;153,6263229;
1506;FA-70 GGBS- 30 B-410 AGG/B-4.38 ALK/B-0.50 T ºC - 25;287;123;410;1026,649881;769,150119;1795,8;58,57142857;135,3292857;2437,042143;25;157,1493514;
1507;FA-70 GGBS- 30 B-420 AGG/B-4.23 ALK/B-0.50 T ºC - 25;294;126;420;1010,929815;765,670185;1776,6;60;138,63;2433,48;25;160,67718;
1508;FA-70 GGBS- 30 B-430 AGG/B-4.10 ALK/B-0.50 T ºC - 25;301;129;430;967,961046;795,038954;1763;61,42857143;141,9307143;2435,517857;25;164,2318886;
1509;FA-70 GGBS- 30 B-440 AGG/B-3.97 ALK/B-0.50 T ºC - 25;308;132;440;969,4600256;777,3399744;1746,8;62,85714286;145,2314286;2434,955714;25;167,7741171;
1510;FA-70 GGBS- 30 B-450 AGG/B-3.85 ALK/B-0.50 T ºC - 25;315;135;450;971,9619525;760,5380475;1732,5;64,28571429;148,5321429;2436,293571;25;171,3254657;
1511;FA-60 GGBS- 40 B-360 AGG/B-5.18 ALK/B-0.50 T ºC - 25;216;144;360;1090,844597;773,9554032;1864,8;51,42857143;118,8257143;2427,842857;25;141,0963886;
1512;FA-60 GGBS- 40 B-370 AGG/B-5.02 ALK/B-0.50 T ºC - 25;222;148;370;1081,558448;775,8415522;1857,4;52,85714286;122,1264286;2436,080714;25;144,7288571;
1513;FA-60 GGBS- 40 B-380 AGG/B-4.86 ALK/B-0.50 T ºC - 25;228;152;380;1070,455144;776,3448564;1846,8;54,28571429;125,4271429;2441,118571;25;148,3459657;
1514;FA-60 GGBS- 40 B-390 AGG/B-4.70 ALK/B-0.50 T ºC - 25;234;156;390;1057,564014;775,435986;1833;55,71428571;128,7278571;2442,966429;25;151,9599343;
1515;FA-60 GGBS- 40 B-400 AGG/B-4.54 ALK/B-0.50 T ºC - 25;240;160;400;1043,045024;772,954976;1816;57,14285714;132,0285714;2441,604286;25;155,5463229;
1516;FA-60 GGBS- 40 B-410 AGG/B-4.38 ALK/B-0.50 T ºC - 25;246;164;410;1026,649881;769,150119;1795,8;58,57142857;135,3292857;2437,042143;25;159,1173514;
1517;FA-60 GGBS- 40 B-420 AGG/B-4.23 ALK/B-0.50 T ºC - 25;252;168;420;1010,929815;765,670185;1776,6;60;138,63;2433,48;25;162,69318;51,22
1518;FA-60 GGBS- 40 B-430 AGG/B-4.10 ALK/B-0.50 T ºC - 25;258;172;430;967,961046;795,038954;1763;61,42857143;141,9307143;2435,517857;25;166,2958886;
1519;FA-60 GGBS- 40 B-440 AGG/B-3.97 ALK/B-0.50 T ºC - 25;264;176;440;969,4600256;777,3399744;1746,8;62,85714286;145,2314286;2434,955714;25;169,8861171;
1520;FA-60 GGBS- 40 B-450 AGG/B-3.85 ALK/B-0.50 T ºC - 25;270;180;450;971,9619525;760,5380475;1732,5;64,28571429;148,5321429;2436,293571;25;173,4854657;
1521;FA-50 GGBS- 50 B-360 AGG/B-5.18 ALK/B-0.50 T ºC - 25;180;180;360;1090,844597;773,9554032;1864,8;51,42857143;118,8257143;2427,842857;25;142,8243886;
1522;FA-50 GGBS- 50 B-370 AGG/B-5.02 ALK/B-0.50 T ºC - 25;185;185;370;1081,558448;775,8415522;1857,4;52,85714286;122,1264286;2436,080714;25;146,5048571;
1523;FA-50 GGBS- 50 B-380 AGG/B-4.86 ALK/B-0.50 T ºC - 25;190;190;380;1070,455144;776,3448564;1846,8;54,28571429;125,4271429;2441,118571;25;150,1699657;
1524;FA-50 GGBS- 50 B-390 AGG/B-4.70 ALK/B-0.50 T ºC - 25;195;195;390;1057,564014;775,435986;1833;55,71428571;128,7278571;2442,966429;25;153,8319343;
1525;FA-50 GGBS- 50 B-400 AGG/B-4.54 ALK/B-0.50 T ºC - 25;200;200;400;1043,045024;772,954976;1816;57,14285714;132,0285714;2441,604286;25;157,4663229;
1526;FA-50 GGBS- 50 B-410 AGG/B-4.38 ALK/B-0.50 T ºC - 25;205;205;410;1026,649881;769,150119;1795,8;58,57142857;135,3292857;2437,042143;25;161,0853514;
1527;FA-50 GGBS- 50 B-420 AGG/B-4.23 ALK/B-0.50 T ºC - 25;210;210;420;1010,929815;765,670185;1776,6;60;138,63;2433,48;25;164,70918;
1528;FA-50 GGBS- 50 B-430 AGG/B-4.10 ALK/B-0.50 T ºC - 25;215;215;430;967,961046;795,038954;1763;61,42857143;141,9307143;2435,517857;25;168,3598886;
1529;FA-50 GGBS- 50 B-440 AGG/B-3.97 ALK/B-0.50 T ºC - 25;220;220;440;969,4600256;777,3399744;1746,8;62,85714286;145,2314286;2434,955714;25;171,9981171;
1530;FA-50 GGBS- 50 B-450 AGG/B-3.85 ALK/B-0.50 T ºC - 25;225;225;450;971,9619525;760,5380475;1732,5;64,28571429;148,5321429;2436,293571;25;175,6454657;
1531;FA-70 GGBS- 30 B-360 AGG/B-5.18 ALK/B-0.55 T ºC - 25;252;108;360;1090,844597;773,9554032;1864,8;56,57142857;129,8442857;2445,837143;25;149,0331914;
1532;FA-70 GGBS- 30 B-370 AGG/B-5.02 ALK/B-0.55 T ºC - 25;259;111;370;1081,558448;775,8415522;1857,4;58,14285714;133,4510714;2454,586786;25;152,9007229;
1533;FA-70 GGBS- 30 B-380 AGG/B-4.86 ALK/B-0.55 T ºC - 25;266;114;380;1070,455144;776,3448564;1846,8;59,71428571;137,0578571;2460,126429;25;156,7406743;
1534;FA-70 GGBS- 30 B-390 AGG/B-4.70 ALK/B-0.55 T ºC - 25;273;117;390;1057,564014;775,435986;1833;61,28571429;140,6646429;2462,456071;25;160,5530457;
1535;FA-70 GGBS- 30 B-400 AGG/B-4.54 ALK/B-0.55 T ºC - 25;280;120;400;1043,045024;772,954976;1816;62,85714286;144,2714286;2461,595714;25;164,3622771;27,77
1536;FA-70 GGBS- 30 B-410 AGG/B-4.38 ALK/B-0.55 T ºC - 25;287;123;410;1026,649881;769,150119;1795,8;64,42857143;147,8782143;2457,535357;25;168,1561486;
1537;FA-70 GGBS- 30 B-420 AGG/B-4.23 ALK/B-0.55 T ºC - 25;294;126;420;1010,929815;765,670185;1776,6;66;151,485;2454,485;25;171,96704;
1538;FA-70 GGBS- 30 B-430 AGG/B-4.10 ALK/B-0.55 T ºC - 25;301;129;430;967,961046;795,038954;1763;67,57142857;155,0917857;2457,024643;25;175,7925914;
1539;FA-70 GGBS- 30 B-440 AGG/B-3.97 ALK/B-0.55 T ºC - 25;308;132;440;969,4600256;777,3399744;1746,8;69,14285714;158,6985714;2456,964286;25;179,6056629;
1540;FA-70 GGBS- 30 B-450 AGG/B-3.85 ALK/B-0.55 T ºC - 25;315;135;450;971,9619525;760,5380475;1732,5;70,71428571;162,3053571;2458,803929;25;183,4278543;
1541;FA-60 GGBS- 40 B-360 AGG/B-5.18 ALK/B-0.55 T ºC - 25;216;144;360;1090,844597;773,9554032;1864,8;56,57142857;129,8442857;2445,837143;25;150,7611914;
1542;FA-60 GGBS- 40 B-370 AGG/B-5.02 ALK/B-0.55 T ºC - 25;222;148;370;1081,558448;775,8415522;1857,4;58,14285714;133,4510714;2454,586786;25;154,6767229;
1543;FA-60 GGBS- 40 B-380 AGG/B-4.86 ALK/B-0.55 T ºC - 25;228;152;380;1070,455144;776,3448564;1846,8;59,71428571;137,0578571;2460,126429;25;158,5646743;
1544;FA-60 GGBS- 40 B-390 AGG/B-4.70 ALK/B-0.55 T ºC - 25;234;156;390;1057,564014;775,435986;1833;61,28571429;140,6646429;2462,456071;25;162,4250457;
1545;FA-60 GGBS- 40 B-400 AGG/B-4.54 ALK/B-0.55 T ºC - 25;240;160;400;1043,045024;772,954976;1816;62,85714286;144,2714286;2461,595714;25;166,2822771;
1546;FA-60 GGBS- 40 B-410 AGG/B-4.38 ALK/B-0.55 T ºC - 25;246;164;410;1026,649881;769,150119;1795,8;64,42857143;147,8782143;2457,535357;25;170,1241486;
1547;FA-60 GGBS- 40 B-420 AGG/B-4.23 ALK/B-0.55 T ºC - 25;252;168;420;1010,929815;765,670185;1776,6;66;151,485;2454,485;25;173,98304;
1548;FA-60 GGBS- 40 B-430 AGG/B-4.10 ALK/B-0.55 T ºC - 25;258;172;430;967,961046;795,038954;1763;67,57142857;155,0917857;2457,024643;25;177,8565914;
1549;FA-60 GGBS- 40 B-440 AGG/B-3.97 ALK/B-0.55 T ºC - 25;264;176;440;969,4600256;777,3399744;1746,8;69,14285714;158,6985714;2456,964286;25;181,7176629;
1550;FA-60 GGBS- 40 B-450 AGG/B-3.85 ALK/B-0.55 T ºC - 25;270;180;450;971,9619525;760,5380475;1732,5;70,71428571;162,3053571;2458,803929;25;185,5878543;41,85
1551;FA-50 GGBS- 50 B-360 AGG/B-5.18 ALK/B-0.55 T ºC - 25;180;180;360;1090,844597;773,9554032;1864,8;56,57142857;129,8442857;2445,837143;25;152,4891914;
1552;FA-50 GGBS- 50 B-370 AGG/B-5.02 ALK/B-0.55 T ºC - 25;185;185;370;1081,558448;775,8415522;1857,4;58,14285714;133,4510714;2454,586786;25;156,4527229;
1553;FA-50 GGBS- 50 B-380 AGG/B-4.86 ALK/B-0.55 T ºC - 25;190;190;380;1070,455144;776,3448564;1846,8;59,71428571;137,0578571;2460,126429;25;160,3886743;
1554;FA-50 GGBS- 50 B-390 AGG/B-4.70 ALK/B-0.55 T ºC - 25;195;195;390;1057,564014;775,435986;1833;61,28571429;140,6646429;2462,456071;25;164,2970457;
1555;FA-50 GGBS- 50 B-400 AGG/B-4.54 ALK/B-0.55 T ºC - 25;200;200;400;1043,045024;772,954976;1816;62,85714286;144,2714286;2461,595714;25;168,2022771;
1556;FA-50 GGBS- 50 B-410 AGG/B-4.38 ALK/B-0.55 T ºC - 25;205;205;410;1026,649881;769,150119;1795,8;64,42857143;147,8782143;2457,535357;25;172,0921486;
1557;FA-50 GGBS- 50 B-420 AGG/B-4.23 ALK/B-0.55 T ºC - 25;210;210;420;1010,929815;765,670185;1776,6;66;151,485;2454,485;25;175,99904;
1558;FA-50 GGBS- 50 B-430 AGG/B-4.10 ALK/B-0.55 T ºC - 25;215;215;430;967,961046;795,038954;1763;67,57142857;155,0917857;2457,024643;25;179,9205914;
1559;FA-50 GGBS- 50 B-440 AGG/B-3.97 ALK/B-0.55 T ºC - 25;220;220;440;969,4600256;777,3399744;1746,8;69,14285714;158,6985714;2456,964286;25;183,8296629;
1560;FA-50 GGBS- 50 B-450 AGG/B-3.85 ALK/B-0.55 T ºC - 25;225;225;450;971,9619525;760,5380475;1732,5;70,71428571;162,3053571;2458,803929;25;187,7478543;
1561;FA-70 GGBS- 30 B-360 AGG/B-5.18 ALK/B-0.60 T ºC - 25;252;108;360;1090,844597;773,9554032;1864,8;61,71428571;140,8628571;2463,841429;25;158,7102143;
1562;FA-70 GGBS- 30 B-370 AGG/B-5.02 ALK/B-0.60 T ºC - 25;259;111;370;1081,558448;775,8415522;1857,4;63,42857143;144,7757143;2473,082857;25;162,8363686;
1563;FA-70 GGBS- 30 B-380 AGG/B-4.86 ALK/B-0.60 T ºC - 25;266;114;380;1070,455144;776,3448564;1846,8;65,14285714;148,6885714;2479,124286;25;166,9471629;
1564;FA-70 GGBS- 30 B-390 AGG/B-4.70 ALK/B-0.60 T ºC - 25;273;117;390;1057,564014;775,435986;1833;66,85714286;152,6014286;2481,955714;25;171,0303771;
1565;FA-70 GGBS- 30 B-400 AGG/B-4.54 ALK/B-0.60 T ºC - 25;280;120;400;1043,045024;772,954976;1816;68,57142857;156,5142857;2481,597143;25;175,1104514;
1566;FA-70 GGBS- 30 B-410 AGG/B-4.38 ALK/B-0.60 T ºC - 25;287;123;410;1026,649881;769,150119;1795,8;70,28571429;160,4271429;2478,038571;25;179,1751657;
1567;FA-70 GGBS- 30 B-420 AGG/B-4.23 ALK/B-0.60 T ºC - 25;294;126;420;1010,929815;765,670185;1776,6;72;164,34;2475,48;25;183,24468;
1568;FA-70 GGBS- 30 B-430 AGG/B-4.10 ALK/B-0.60 T ºC - 25;301;129;430;967,961046;795,038954;1763;73,71428571;168,2528571;2478,521429;25;187,3410743;
1569;FA-70 GGBS- 30 B-440 AGG/B-3.97 ALK/B-0.60 T ºC - 25;308;132;440;969,4600256;777,3399744;1746,8;75,42857143;172,1657143;2478,962857;25;191,4249886;
1570;FA-70 GGBS- 30 B-450 AGG/B-3.85 ALK/B-0.60 T ºC - 25;315;135;450;971,9619525;760,5380475;1732,5;77,14285714;176,0785714;2481,304286;25;195,5180229;
1571;FA-60 GGBS- 40 B-360 AGG/B-5.18 ALK/B-0.60 T ºC - 25;216;144;360;1090,844597;773,9554032;1864,8;61,71428571;140,8628571;2463,841429;25;160,4382143;
1572;FA-60 GGBS- 40 B-370 AGG/B-5.02 ALK/B-0.60 T ºC - 25;222;148;370;1081,558448;775,8415522;1857,4;63,42857143;144,7757143;2473,082857;25;164,6123686;
1573;FA-60 GGBS- 40 B-380 AGG/B-4.86 ALK/B-0.60 T ºC - 25;228;152;380;1070,455144;776,3448564;1846,8;65,14285714;148,6885714;2479,124286;25;168,7711629;
1574;FA-60 GGBS- 40 B-390 AGG/B-4.70 ALK/B-0.60 T ºC - 25;234;156;390;1057,564014;775,435986;1833;66,85714286;152,6014286;2481,955714;25;172,9023771;
1575;FA-60 GGBS- 40 B-400 AGG/B-4.54 ALK/B-0.60 T ºC - 25;240;160;400;1043,045024;772,954976;1816;68,57142857;156,5142857;2481,597143;25;177,0304514;
1576;FA-60 GGBS- 40 B-410 AGG/B-4.38 ALK/B-0.60 T ºC - 25;246;164;410;1026,649881;769,150119;1795,8;70,28571429;160,4271429;2478,038571;25;181,1431657;
1577;FA-60 GGBS- 40 B-420 AGG/B-4.23 ALK/B-0.60 T ºC - 25;252;168;420;1010,929815;765,670185;1776,6;72;164,34;2475,48;25;185,26068;
1578;FA-60 GGBS- 40 B-430 AGG/B-4.10 ALK/B-0.60 T ºC - 25;258;172;430;967,961046;795,038954;1763;73,71428571;168,2528571;2478,521429;25;189,4050743;
1579;FA-60 GGBS- 40 B-440 AGG/B-3.97 ALK/B-0.60 T ºC - 25;264;176;440;969,4600256;777,3399744;1746,8;75,42857143;172,1657143;2478,962857;25;193,5369886;
1580;FA-60 GGBS- 40 B-450 AGG/B-3.85 ALK/B-0.60 T ºC - 25;270;180;450;971,9619525;760,5380475;1732,5;77,14285714;176,0785714;2481,304286;25;197,6780229;
1581;FA-50 GGBS- 50 B-360 AGG/B-5.18 ALK/B-0.60 T ºC - 25;180;180;360;1090,844597;773,9554032;1864,8;61,71428571;140,8628571;2463,841429;25;162,1662143;
1582;FA-50 GGBS- 50 B-370 AGG/B-5.02 ALK/B-0.60 T ºC - 25;185;185;370;1081,558448;775,8415522;1857,4;63,42857143;144,7757143;2473,082857;25;166,3883686;
1583;FA-50 GGBS- 50 B-380 AGG/B-4.86 ALK/B-0.60 T ºC - 25;190;190;380;1070,455144;776,3448564;1846,8;65,14285714;148,6885714;2479,124286;25;170,5951629;
1584;FA-50 GGBS- 50 B-390 AGG/B-4.70 ALK/B-0.60 T ºC - 25;195;195;390;1057,564014;775,435986;1833;66,85714286;152,6014286;2481,955714;25;174,7743771;
1585;FA-50 GGBS- 50 B-400 AGG/B-4.54 ALK/B-0.60 T ºC - 25;200;200;400;1043,045024;772,954976;1816;68,57142857;156,5142857;2481,597143;25;178,9504514;
1586;FA-50 GGBS- 50 B-410 AGG/B-4.38 ALK/B-0.60 T ºC - 25;205;205;410;1026,649881;769,150119;1795,8;70,28571429;160,4271429;2478,038571;25;183,1111657;
1587;FA-50 GGBS- 50 B-420 AGG/B-4.23 ALK/B-0.60 T ºC - 25;210;210;420;1010,929815;765,670185;1776,6;72;164,34;2475,48;25;187,27668;
1588;FA-50 GGBS- 50 B-430 AGG/B-4.10 ALK/B-0.60 T ºC - 25;215;215;430;967,961046;795,038954;1763;73,71428571;168,2528571;2478,521429;25;191,4690743;
1589;FA-50 GGBS- 50 B-440 AGG/B-3.97 ALK/B-0.60 T ºC - 25;220;220;440;969,4600256;777,3399744;1746,8;75,42857143;172,1657143;2478,962857;25;195,6489886;
1590;FA-50 GGBS- 50 B-450 AGG/B-3.85 ALK/B-0.60 T ºC - 25;225;225;450;971,9619525;760,5380475;1732,5;77,14285714;176,0785714;2481,304286;25;199,8380229;